{
  "products":
[
  {
    "id": 1,
    "name": "TYPHONICA",
    "price": 48.81,
    "description": "enim sit laboris officia Lorem cillum quis nisi irure proident"
  },
  {
    "id": 2,
    "name": "GEEKOLA",
    "price": 83.04,
    "description": "amet aliquip nulla minim proident officia ipsum commodo eu ut"
  },
  {
    "id": 3,
    "name": "SONGLINES",
    "price": 43.75,
    "description": "aliqua anim ullamco dolor officia est eiusmod dolor duis cupidatat"
  },
  {
    "id": 4,
    "name": "DEVILTOE",
    "price": 90.07,
    "description": "quis magna aliquip ea pariatur quis duis pariatur voluptate deserunt"
  },
  {
    "id": 5,
    "name": "LINGOAGE",
    "price": 55.69,
    "description": "excepteur sunt ex exercitation proident occaecat voluptate mollit pariatur sunt"
  },
  {
    "id": 6,
    "name": "EXTREMO",
    "price": 3.62,
    "description": "duis reprehenderit ea voluptate eiusmod in commodo ea Lorem nisi"
  },
  {
    "id": 7,
    "name": "ECOLIGHT",
    "price": 42.75,
    "description": "excepteur dolor non magna commodo tempor cillum officia proident ipsum"
  },
  {
    "id": 8,
    "name": "GRAINSPOT",
    "price": 59.26,
    "description": "commodo sit do occaecat eiusmod enim laboris amet ea culpa"
  },
  {
    "id": 9,
    "name": "GEOLOGIX",
    "price": 46.01,
    "description": "sit eu amet in sunt eu nostrud amet dolore amet"
  },
  {
    "id": 10,
    "name": "TROLLERY",
    "price": 34.4,
    "description": "irure exercitation cillum dolor est amet cillum cupidatat et do"
  },
  {
    "id": 11,
    "name": "INSECTUS",
    "price": 47.8,
    "description": "cupidatat non laboris deserunt occaecat sunt sit elit eiusmod id"
  },
  {
    "id": 12,
    "name": "CINASTER",
    "price": 28.57,
    "description": "eu exercitation irure proident cupidatat labore voluptate elit magna esse"
  },
  {
    "id": 13,
    "name": "TECHTRIX",
    "price": 42.11,
    "description": "labore amet aute magna fugiat incididunt cillum id eu enim"
  },
  {
    "id": 14,
    "name": "TROPOLIS",
    "price": 31.41,
    "description": "elit ipsum nostrud aute est do nulla voluptate tempor nulla"
  },
  {
    "id": 15,
    "name": "ACRODANCE",
    "price": 20.99,
    "description": "incididunt id velit laborum eiusmod elit elit occaecat ut do"
  },
  {
    "id": 16,
    "name": "EQUICOM",
    "price": 47.99,
    "description": "ea nisi laboris nisi minim nostrud magna excepteur ut eu"
  },
  {
    "id": 17,
    "name": "BIOSPAN",
    "price": 42.71,
    "description": "magna anim commodo velit do ad quis amet excepteur minim"
  },
  {
    "id": 18,
    "name": "FUTURIS",
    "price": 78.39,
    "description": "pariatur nulla consequat nulla aliqua ea excepteur ad tempor dolore"
  },
  {
    "id": 19,
    "name": "EARTHMARK",
    "price": 19.34,
    "description": "id minim excepteur occaecat Lorem dolor eu esse aliqua non"
  },
  {
    "id": 20,
    "name": "IMMUNICS",
    "price": 22.49,
    "description": "quis non dolore eiusmod enim in dolor duis magna voluptate"
  },
  {
    "id": 21,
    "name": "AQUACINE",
    "price": 85.56,
    "description": "mollit laboris sit sit cupidatat fugiat adipisicing ad ea anim"
  },
  {
    "id": 22,
    "name": "EXIAND",
    "price": 79.1,
    "description": "labore labore do consectetur eiusmod fugiat Lorem Lorem veniam anim"
  },
  {
    "id": 23,
    "name": "BEZAL",
    "price": 66.14,
    "description": "qui officia amet et culpa qui tempor duis quis esse"
  },
  {
    "id": 24,
    "name": "ZOARERE",
    "price": 69.98,
    "description": "laboris ipsum cupidatat ullamco est commodo ad ullamco deserunt excepteur"
  },
  {
    "id": 25,
    "name": "EXOSIS",
    "price": 3.81,
    "description": "irure occaecat aliquip qui exercitation labore magna non consectetur non"
  },
  {
    "id": 26,
    "name": "NEUROCELL",
    "price": 25.09,
    "description": "laboris eu amet aute reprehenderit proident consectetur aute est ullamco"
  },
  {
    "id": 27,
    "name": "EMPIRICA",
    "price": 99.39,
    "description": "labore eiusmod qui culpa irure non voluptate amet pariatur minim"
  },
  {
    "id": 28,
    "name": "DIGIGEN",
    "price": 41.9,
    "description": "cillum aliqua consectetur ullamco reprehenderit ut duis adipisicing reprehenderit adipisicing"
  },
  {
    "id": 29,
    "name": "BLANET",
    "price": 54.84,
    "description": "duis pariatur voluptate labore magna consectetur cillum incididunt laborum incididunt"
  },
  {
    "id": 30,
    "name": "QUAILCOM",
    "price": 49.14,
    "description": "duis veniam non cupidatat aliqua pariatur eiusmod laboris nulla culpa"
  },
  {
    "id": 31,
    "name": "PORTALIS",
    "price": 94.67,
    "description": "in commodo sunt elit veniam do duis eiusmod velit ipsum"
  },
  {
    "id": 32,
    "name": "ZENTIME",
    "price": 5.03,
    "description": "voluptate irure excepteur consequat irure sint elit tempor enim mollit"
  },
  {
    "id": 33,
    "name": "BIOHAB",
    "price": 28.46,
    "description": "cillum in consequat velit aliquip voluptate incididunt aliquip ut velit"
  },
  {
    "id": 34,
    "name": "MEDALERT",
    "price": 74.18,
    "description": "fugiat labore amet nostrud duis veniam amet eu elit voluptate"
  },
  {
    "id": 35,
    "name": "XUMONK",
    "price": 82.68,
    "description": "ad tempor laborum cupidatat et ipsum consequat esse occaecat nostrud"
  },
  {
    "id": 36,
    "name": "MOTOVATE",
    "price": 43.15,
    "description": "occaecat labore dolore est sint deserunt nisi commodo tempor deserunt"
  },
  {
    "id": 37,
    "name": "POOCHIES",
    "price": 43.58,
    "description": "in cupidatat ex deserunt irure pariatur sint pariatur adipisicing exercitation"
  },
  {
    "id": 38,
    "name": "QUILCH",
    "price": 73.63,
    "description": "exercitation sint laborum esse commodo cupidatat dolore ut sint aliquip"
  },
  {
    "id": 39,
    "name": "SLUMBERIA",
    "price": 50.59,
    "description": "nulla in et in occaecat aliquip irure officia adipisicing sint"
  },
  {
    "id": 40,
    "name": "MOLTONIC",
    "price": 27.14,
    "description": "dolor ipsum ipsum voluptate non proident do magna do cillum"
  },
  {
    "id": 41,
    "name": "PHORMULA",
    "price": 7.67,
    "description": "esse sunt aute ad culpa occaecat ea ullamco occaecat ipsum"
  },
  {
    "id": 42,
    "name": "BUZZNESS",
    "price": 86.13,
    "description": "sunt aliquip commodo cupidatat aliquip duis nulla quis sunt pariatur"
  },
  {
    "id": 43,
    "name": "KOOGLE",
    "price": 79.28,
    "description": "in do elit cillum ut esse ex est labore sint"
  },
  {
    "id": 44,
    "name": "GEEKMOSIS",
    "price": 84.82,
    "description": "sint ex labore cillum non qui sunt Lorem ipsum sunt"
  },
  {
    "id": 45,
    "name": "REALYSIS",
    "price": 12.34,
    "description": "aliqua aliqua eiusmod anim veniam eu aliqua aliqua ut tempor"
  },
  {
    "id": 46,
    "name": "SULFAX",
    "price": 10.2,
    "description": "voluptate mollit sit id tempor cupidatat enim qui sit Lorem"
  },
  {
    "id": 47,
    "name": "SUPREMIA",
    "price": 47.38,
    "description": "velit qui esse eiusmod incididunt sint anim magna anim fugiat"
  },
  {
    "id": 48,
    "name": "INEAR",
    "price": 75.16,
    "description": "esse veniam sit quis laborum do ullamco culpa pariatur reprehenderit"
  },
  {
    "id": 49,
    "name": "UNIWORLD",
    "price": 85.9,
    "description": "dolore minim ullamco commodo deserunt incididunt ad ipsum cillum excepteur"
  },
  {
    "id": 50,
    "name": "QUILK",
    "price": 25.74,
    "description": "irure sint aute cupidatat ex consectetur ullamco quis sint eiusmod"
  },
  {
    "id": 51,
    "name": "PLAYCE",
    "price": 56.03,
    "description": "incididunt laboris sit qui eiusmod consequat est duis enim cupidatat"
  },
  {
    "id": 52,
    "name": "REMOTION",
    "price": 26.26,
    "description": "ad eiusmod pariatur ut laboris aliquip adipisicing quis reprehenderit tempor"
  },
  {
    "id": 53,
    "name": "SEALOUD",
    "price": 61.33,
    "description": "fugiat ullamco officia anim reprehenderit tempor sunt quis sit ea"
  },
  {
    "id": 54,
    "name": "QUONATA",
    "price": 20.49,
    "description": "esse occaecat mollit aliqua cillum ipsum est aute ea duis"
  },
  {
    "id": 55,
    "name": "SOFTMICRO",
    "price": 66.45,
    "description": "cillum proident veniam et ex nisi sint in eiusmod commodo"
  },
  {
    "id": 56,
    "name": "RENOVIZE",
    "price": 72.09,
    "description": "qui ad ut consequat laborum reprehenderit Lorem minim elit ullamco"
  },
  {
    "id": 57,
    "name": "IMPERIUM",
    "price": 31.83,
    "description": "consectetur cupidatat occaecat ullamco excepteur minim aute et non Lorem"
  },
  {
    "id": 58,
    "name": "ECRAZE",
    "price": 21.17,
    "description": "duis irure reprehenderit sint aute in sunt incididunt magna mollit"
  },
  {
    "id": 59,
    "name": "METROZ",
    "price": 41.59,
    "description": "enim nisi et ut laboris exercitation occaecat voluptate cupidatat non"
  },
  {
    "id": 60,
    "name": "SOPRANO",
    "price": 37.35,
    "description": "elit laborum occaecat tempor laboris in nostrud ullamco minim et"
  },
  {
    "id": 61,
    "name": "TURNABOUT",
    "price": 19.28,
    "description": "aliqua nostrud culpa minim esse nostrud ut officia aliqua esse"
  },
  {
    "id": 62,
    "name": "UTARA",
    "price": 97.09,
    "description": "qui non tempor adipisicing esse quis quis sit est qui"
  },
  {
    "id": 63,
    "name": "KOZGENE",
    "price": 24.28,
    "description": "culpa Lorem qui enim excepteur eu aliqua dolor fugiat anim"
  },
  {
    "id": 64,
    "name": "KINETICA",
    "price": 67.72,
    "description": "deserunt ex incididunt nulla adipisicing duis velit non dolore sint"
  },
  {
    "id": 65,
    "name": "MEDCOM",
    "price": 4.34,
    "description": "nisi et minim dolore aliquip minim ullamco ullamco cupidatat qui"
  },
  {
    "id": 66,
    "name": "PRIMORDIA",
    "price": 15.91,
    "description": "mollit magna do aliquip culpa Lorem esse consectetur in aliquip"
  },
  {
    "id": 67,
    "name": "INTERGEEK",
    "price": 8.59,
    "description": "labore irure reprehenderit ullamco mollit Lorem occaecat et consectetur labore"
  },
  {
    "id": 68,
    "name": "SURETECH",
    "price": 14.74,
    "description": "duis culpa consectetur incididunt laborum proident dolor aliquip enim ea"
  },
  {
    "id": 69,
    "name": "EQUITOX",
    "price": 91.78,
    "description": "id nisi ullamco magna id do aliqua adipisicing reprehenderit qui"
  },
  {
    "id": 70,
    "name": "ULTRASURE",
    "price": 85.01,
    "description": "proident ea non aliquip tempor consectetur ipsum occaecat fugiat quis"
  },
  {
    "id": 71,
    "name": "BOINK",
    "price": 98.27,
    "description": "incididunt aliqua cupidatat sit est id id nostrud ad aliqua"
  },
  {
    "id": 72,
    "name": "QUILITY",
    "price": 21.12,
    "description": "qui culpa labore magna occaecat proident magna occaecat ea eiusmod"
  },
  {
    "id": 73,
    "name": "OZEAN",
    "price": 90.26,
    "description": "esse mollit adipisicing id ut occaecat sint laborum elit mollit"
  },
  {
    "id": 74,
    "name": "MAINELAND",
    "price": 46.19,
    "description": "occaecat nulla occaecat exercitation eiusmod laboris magna tempor consectetur occaecat"
  },
  {
    "id": 75,
    "name": "HOMETOWN",
    "price": 30.15,
    "description": "commodo adipisicing consectetur commodo commodo in est sint ut quis"
  },
  {
    "id": 76,
    "name": "KRAGGLE",
    "price": 44.78,
    "description": "consectetur exercitation ea sunt labore minim do culpa occaecat labore"
  },
  {
    "id": 77,
    "name": "CALCU",
    "price": 45.98,
    "description": "exercitation tempor duis velit sint ipsum sunt do quis eiusmod"
  },
  {
    "id": 78,
    "name": "BOLAX",
    "price": 19.76,
    "description": "ea cupidatat deserunt culpa id velit id esse irure ea"
  },
  {
    "id": 79,
    "name": "BISBA",
    "price": 80.85,
    "description": "officia nostrud adipisicing sint nulla Lorem cillum excepteur culpa nulla"
  },
  {
    "id": 80,
    "name": "COMTOUR",
    "price": 26.31,
    "description": "non ea ad ut nostrud nulla minim sint cillum elit"
  },
  {
    "id": 81,
    "name": "ISOTRONIC",
    "price": 46.95,
    "description": "cillum quis laboris reprehenderit tempor consequat dolor laboris laboris duis"
  },
  {
    "id": 82,
    "name": "UNEEQ",
    "price": 43.6,
    "description": "officia aute Lorem ullamco eiusmod aliquip aliqua veniam nostrud ipsum"
  },
  {
    "id": 83,
    "name": "SUREMAX",
    "price": 13.55,
    "description": "commodo exercitation pariatur officia commodo ut duis pariatur nostrud ex"
  },
  {
    "id": 84,
    "name": "MELBACOR",
    "price": 91.08,
    "description": "labore cupidatat tempor consequat qui officia in sunt veniam occaecat"
  },
  {
    "id": 85,
    "name": "POWERNET",
    "price": 9.75,
    "description": "proident elit laborum ut tempor sunt aliqua reprehenderit enim nisi"
  },
  {
    "id": 86,
    "name": "BYTREX",
    "price": 21.83,
    "description": "labore veniam veniam enim nostrud et dolor id exercitation nisi"
  },
  {
    "id": 87,
    "name": "INDEXIA",
    "price": 6.87,
    "description": "anim voluptate ut sint anim ut minim excepteur ut magna"
  },
  {
    "id": 88,
    "name": "EZENTIA",
    "price": 51.25,
    "description": "consequat ipsum Lorem veniam amet duis aliquip nisi laborum irure"
  },
  {
    "id": 89,
    "name": "GINKLE",
    "price": 51.05,
    "description": "labore irure laboris culpa consequat pariatur ea ullamco nostrud sint"
  },
  {
    "id": 90,
    "name": "VIAGREAT",
    "price": 98.52,
    "description": "ea ullamco dolore amet ad proident aliqua reprehenderit laborum aute"
  },
  {
    "id": 91,
    "name": "DIGIRANG",
    "price": 50.87,
    "description": "reprehenderit quis ea exercitation deserunt amet aute laboris exercitation ad"
  },
  {
    "id": 92,
    "name": "TALKOLA",
    "price": 20.45,
    "description": "mollit do adipisicing aliquip esse esse eiusmod duis qui qui"
  },
  {
    "id": 93,
    "name": "FREAKIN",
    "price": 27.46,
    "description": "laboris nostrud pariatur nulla sit id aute labore incididunt laborum"
  },
  {
    "id": 94,
    "name": "ZENSURE",
    "price": 26.07,
    "description": "in excepteur sint eu veniam voluptate anim non non laborum"
  },
  {
    "id": 95,
    "name": "HARMONEY",
    "price": 83.06,
    "description": "velit ad fugiat anim eiusmod esse laborum mollit amet ea"
  },
  {
    "id": 96,
    "name": "QUILTIGEN",
    "price": 76.88,
    "description": "culpa nulla consectetur et tempor commodo duis aliquip ipsum est"
  },
  {
    "id": 97,
    "name": "SLAMBDA",
    "price": 63.52,
    "description": "velit sint eiusmod eu cillum ea enim officia est ut"
  },
  {
    "id": 98,
    "name": "COMVEYER",
    "price": 36.69,
    "description": "proident non incididunt occaecat aliquip nisi anim adipisicing pariatur aute"
  },
  {
    "id": 99,
    "name": "ACCUPRINT",
    "price": 25.33,
    "description": "ullamco labore ad pariatur esse voluptate ut in pariatur irure"
  },
  {
    "id": 100,
    "name": "VELOS",
    "price": 45.52,
    "description": "nulla anim nulla cillum mollit nulla consectetur consequat occaecat consectetur"
  }
]
}